{
	"Subjects List": [
		{
			"Subject":"EEE",
			"Num_students": "40",
			"Level": "3",
			"Theory_hours":"2",
			"Laboratory_hours": "2",
			"Problems_hours": "0",
			"Number_of_groups": "3",
			"Number_of_subgroups": "2",
			"Shift":"MORNING"
		},
		{
			"Subject":"IDI",
			"Num_students": "60",
			"Level":  "4",
			"Theory_hours":"2",
			"Laboratory_hours": "2",
			"Problems_hours": "0",
			"Number_of_groups": "3",
			"Number_of_subgroups": "2",
			"Shift":"BOTH"
		},
		{
			"Subject":"IES",
			"Num_students": "60",
			"Level":  "4",
			"Theory_hours":"2",
			"Laboratory_hours": "2",
			"Problems_hours": "0",
			"Number_of_groups": "3",
			"Number_of_subgroups": "2",
			"Shift":"MORNING"
		},
		{
			"Subject":"XC",
			"Num_students": "30",
			"Level":  "4",
			"Theory_hours":"2",
			"Laboratory_hours": "2",
			"Problems_hours": "0",
			"Number_of_groups": "3",
			"Number_of_subgroups": "2",
			"Shift":"BOTH"
		},
		{
			"Subject":"PAR",
			"Num_students": "30",
			"Level": "5",
			"Theory_hours":"2",
			"Laboratory_hours": "2",
			"Problems_hours": "0",
			"Number_of_groups": "3",
			"Number_of_subgroups": "2",
			"Shift":"MORNING"
		},
		{
			"Subject":"PROP",
			"Num_students": "30",
			"Level": "6",
			"Theory_hours":"2",
			"Laboratory_hours": "2",
			"Problems_hours": "0",
			"Number_of_groups": "3",
			"Number_of_subgroups": "2",
			"Shift":"AFTERNOON"
		}
	]
}
