{
  "Subjects List": [
    {
      "Laboratory_hours": "0",
      "Level": "8",
      "Num_students": "102",
      "Number_of_groups": "1",
      "Number_of_subgroups": "2",
      "Problems_hours": "0",
      "Shift": "BOTH",
      "Subject": "XON",
      "Theory_hours": "1"
    },
    {
      "Laboratory_hours": "0",
      "Level": "6",
      "Num_students": "100",
      "Number_of_groups": "3",
      "Number_of_subgroups": "2",
      "Problems_hours": "0",
      "Shift": "BOTH",
      "Subject": "AXY",
      "Theory_hours": "1"
    },
    {
      "Laboratory_hours": "0",
      "Level": "6",
      "Num_students": "103",
      "Number_of_groups": "1",
      "Number_of_subgroups": "1",
      "Problems_hours": "0",
      "Shift": "BOTH",
      "Subject": "LDD",
      "Theory_hours": "3"
    },
    {
      "Laboratory_hours": "0",
      "Level": "7",
      "Num_students": "74",
      "Number_of_groups": "1",
      "Number_of_subgroups": "2",
      "Problems_hours": "0",
      "Shift": "BOTH",
      "Subject": "MWL",
      "Theory_hours": "3"
    },
    {
      "Laboratory_hours": "0",
      "Level": "5",
      "Num_students": "41",
      "Number_of_groups": "3",
      "Number_of_subgroups": "1",
      "Problems_hours": "1",
      "Shift": "BOTH",
      "Subject": "MSX",
      "Theory_hours": "3"
    },
    {
      "Laboratory_hours": "1",
      "Level": "8",
      "Num_students": "80",
      "Number_of_groups": "3",
      "Number_of_subgroups": "1",
      "Problems_hours": "0",
      "Shift": "BOTH",
      "Subject": "TFX",
      "Theory_hours": "1"
    },
    {
      "Laboratory_hours": "0",
      "Level": "5",
      "Num_students": "105",
      "Number_of_groups": "1",
      "Number_of_subgroups": "1",
      "Problems_hours": "1",
      "Shift": "BOTH",
      "Subject": "DSX",
      "Theory_hours": "1"
    },
    {
      "Laboratory_hours": "0",
      "Level": "1",
      "Num_students": "30",
      "Number_of_groups": "3",
      "Number_of_subgroups": "1",
      "Problems_hours": "1",
      "Shift": "BOTH",
      "Subject": "PVA",
      "Theory_hours": "2"
    },
    {
      "Laboratory_hours": "0",
      "Level": "8",
      "Num_students": "96",
      "Number_of_groups": "2",
      "Number_of_subgroups": "1",
      "Problems_hours": "0",
      "Shift": "BOTH",
      "Subject": "JLQ",
      "Theory_hours": "3"
    },
    {
      "Laboratory_hours": "0",
      "Level": "5",
      "Num_students": "34",
      "Number_of_groups": "3",
      "Number_of_subgroups": "2",
      "Problems_hours": "1",
      "Shift": "BOTH",
      "Subject": "MIN",
      "Theory_hours": "2"
    },
    {
      "Laboratory_hours": "1",
      "Level": "6",
      "Num_students": "109",
      "Number_of_groups": "3",
      "Number_of_subgroups": "1",
      "Problems_hours": "0",
      "Shift": "BOTH",
      "Subject": "USM",
      "Theory_hours": "2"
    },
    {
      "Laboratory_hours": "1",
      "Level": "8",
      "Num_students": "91",
      "Number_of_groups": "1",
      "Number_of_subgroups": "1",
      "Problems_hours": "1",
      "Shift": "BOTH",
      "Subject": "MKZ",
      "Theory_hours": "1"
    },
    {
      "Laboratory_hours": "0",
      "Level": "8",
      "Num_students": "82",
      "Number_of_groups": "3",
      "Number_of_subgroups": "2",
      "Problems_hours": "1",
      "Shift": "BOTH",
      "Subject": "BTB",
      "Theory_hours": "3"
    },
    {
      "Laboratory_hours": "1",
      "Level": "5",
      "Num_students": "40",
      "Number_of_groups": "2",
      "Number_of_subgroups": "1",
      "Problems_hours": "1",
      "Shift": "BOTH",
      "Subject": "MBH",
      "Theory_hours": "2"
    },
    {
      "Laboratory_hours": "0",
      "Level": "7",
      "Num_students": "12",
      "Number_of_groups": "2",
      "Number_of_subgroups": "1",
      "Problems_hours": "1",
      "Shift": "BOTH",
      "Subject": "MDL",
      "Theory_hours": "1"
    },
    {
      "Laboratory_hours": "0",
      "Level": "3",
      "Num_students": "103",
      "Number_of_groups": "2",
      "Number_of_subgroups": "2",
      "Problems_hours": "0",
      "Shift": "BOTH",
      "Subject": "VPA",
      "Theory_hours": "1"
    },
    {
      "Laboratory_hours": "1",
      "Level": "1",
      "Num_students": "82",
      "Number_of_groups": "1",
      "Number_of_subgroups": "2",
      "Problems_hours": "1",
      "Shift": "BOTH",
      "Subject": "AGQ",
      "Theory_hours": "2"
    },
    {
      "Laboratory_hours": "0",
      "Level": "8",
      "Num_students": "94",
      "Number_of_groups": "3",
      "Number_of_subgroups": "1",
      "Problems_hours": "0",
      "Shift": "BOTH",
      "Subject": "QYC",
      "Theory_hours": "3"
    },
    {
      "Laboratory_hours": "1",
      "Level": "1",
      "Num_students": "87",
      "Number_of_groups": "3",
      "Number_of_subgroups": "1",
      "Problems_hours": "0",
      "Shift": "BOTH",
      "Subject": "MTX",
      "Theory_hours": "3"
    },
    {
      "Laboratory_hours": "1",
      "Level": "6",
      "Num_students": "35",
      "Number_of_groups": "2",
      "Number_of_subgroups": "1",
      "Problems_hours": "1",
      "Shift": "BOTH",
      "Subject": "PRD",
      "Theory_hours": "1"
    },
    {
      "Laboratory_hours": "0",
      "Level": "2",
      "Num_students": "71",
      "Number_of_groups": "1",
      "Number_of_subgroups": "2",
      "Problems_hours": "1",
      "Shift": "BOTH",
      "Subject": "XOP",
      "Theory_hours": "2"
    },
    {
      "Laboratory_hours": "1",
      "Level": "6",
      "Num_students": "91",
      "Number_of_groups": "1",
      "Number_of_subgroups": "2",
      "Problems_hours": "0",
      "Shift": "BOTH",
      "Subject": "COM",
      "Theory_hours": "2"
    },
    {
      "Laboratory_hours": "0",
      "Level": "6",
      "Num_students": "32",
      "Number_of_groups": "3",
      "Number_of_subgroups": "2",
      "Problems_hours": "1",
      "Shift": "BOTH",
      "Subject": "GBX",
      "Theory_hours": "3"
    },
    {
      "Laboratory_hours": "1",
      "Level": "7",
      "Num_students": "64",
      "Number_of_groups": "1",
      "Number_of_subgroups": "2",
      "Problems_hours": "0",
      "Shift": "BOTH",
      "Subject": "HAW",
      "Theory_hours": "3"
    },
    {
      "Laboratory_hours": "0",
      "Level": "2",
      "Num_students": "109",
      "Number_of_groups": "3",
      "Number_of_subgroups": "2",
      "Problems_hours": "0",
      "Shift": "BOTH",
      "Subject": "AVK",
      "Theory_hours": "3"
    },
    {
      "Laboratory_hours": "1",
      "Level": "6",
      "Num_students": "30",
      "Number_of_groups": "1",
      "Number_of_subgroups": "1",
      "Problems_hours": "0",
      "Shift": "BOTH",
      "Subject": "IOK",
      "Theory_hours": "2"
    },
    {
      "Laboratory_hours": "1",
      "Level": "2",
      "Num_students": "71",
      "Number_of_groups": "2",
      "Number_of_subgroups": "1",
      "Problems_hours": "1",
      "Shift": "BOTH",
      "Subject": "KHY",
      "Theory_hours": "3"
    },
    {
      "Laboratory_hours": "0",
      "Level": "3",
      "Num_students": "18",
      "Number_of_groups": "1",
      "Number_of_subgroups": "1",
      "Problems_hours": "0",
      "Shift": "BOTH",
      "Subject": "EUZ",
      "Theory_hours": "1"
    },
    {
      "Laboratory_hours": "1",
      "Level": "6",
      "Num_students": "102",
      "Number_of_groups": "2",
      "Number_of_subgroups": "1",
      "Problems_hours": "1",
      "Shift": "BOTH",
      "Subject": "RJI",
      "Theory_hours": "1"
    },
    {
      "Laboratory_hours": "0",
      "Level": "5",
      "Num_students": "17",
      "Number_of_groups": "3",
      "Number_of_subgroups": "1",
      "Problems_hours": "0",
      "Shift": "BOTH",
      "Subject": "BJI",
      "Theory_hours": "1"
    },
    {
      "Laboratory_hours": "1",
      "Level": "6",
      "Num_students": "36",
      "Number_of_groups": "2",
      "Number_of_subgroups": "1",
      "Problems_hours": "0",
      "Shift": "BOTH",
      "Subject": "MTW",
      "Theory_hours": "2"
    },
    {
      "Laboratory_hours": "1",
      "Level": "5",
      "Num_students": "46",
      "Number_of_groups": "2",
      "Number_of_subgroups": "2",
      "Problems_hours": "1",
      "Shift": "BOTH",
      "Subject": "XFS",
      "Theory_hours": "2"
    },
    {
      "Laboratory_hours": "0",
      "Level": "8",
      "Num_students": "33",
      "Number_of_groups": "1",
      "Number_of_subgroups": "2",
      "Problems_hours": "1",
      "Shift": "BOTH",
      "Subject": "WTU",
      "Theory_hours": "1"
    },
    {
      "Laboratory_hours": "0",
      "Level": "4",
      "Num_students": "60",
      "Number_of_groups": "2",
      "Number_of_subgroups": "1",
      "Problems_hours": "0",
      "Shift": "BOTH",
      "Subject": "JBW",
      "Theory_hours": "1"
    },
    {
      "Laboratory_hours": "1",
      "Level": "8",
      "Num_students": "69",
      "Number_of_groups": "1",
      "Number_of_subgroups": "1",
      "Problems_hours": "1",
      "Shift": "BOTH",
      "Subject": "UBG",
      "Theory_hours": "1"
    },
    {
      "Laboratory_hours": "1",
      "Level": "1",
      "Num_students": "56",
      "Number_of_groups": "1",
      "Number_of_subgroups": "1",
      "Problems_hours": "0",
      "Shift": "BOTH",
      "Subject": "WKG",
      "Theory_hours": "2"
    },
    {
      "Laboratory_hours": "1",
      "Level": "8",
      "Num_students": "68",
      "Number_of_groups": "2",
      "Number_of_subgroups": "2",
      "Problems_hours": "0",
      "Shift": "BOTH",
      "Subject": "OFT",
      "Theory_hours": "1"
    },
    {
      "Laboratory_hours": "1",
      "Level": "4",
      "Num_students": "51",
      "Number_of_groups": "2",
      "Number_of_subgroups": "1",
      "Problems_hours": "1",
      "Shift": "BOTH",
      "Subject": "REL",
      "Theory_hours": "3"
    },
    {
      "Laboratory_hours": "0",
      "Level": "7",
      "Num_students": "109",
      "Number_of_groups": "3",
      "Number_of_subgroups": "2",
      "Problems_hours": "0",
      "Shift": "BOTH",
      "Subject": "MYI",
      "Theory_hours": "1"
    },
    {
      "Laboratory_hours": "1",
      "Level": "2",
      "Num_students": "79",
      "Number_of_groups": "2",
      "Number_of_subgroups": "1",
      "Problems_hours": "1",
      "Shift": "BOTH",
      "Subject": "HDL",
      "Theory_hours": "3"
    },
    {
      "Laboratory_hours": "1",
      "Level": "8",
      "Num_students": "26",
      "Number_of_groups": "2",
      "Number_of_subgroups": "2",
      "Problems_hours": "0",
      "Shift": "BOTH",
      "Subject": "NIW",
      "Theory_hours": "2"
    },
    {
      "Laboratory_hours": "0",
      "Level": "4",
      "Num_students": "39",
      "Number_of_groups": "2",
      "Number_of_subgroups": "2",
      "Problems_hours": "0",
      "Shift": "BOTH",
      "Subject": "QFT",
      "Theory_hours": "3"
    },
    {
      "Laboratory_hours": "1",
      "Level": "7",
      "Num_students": "46",
      "Number_of_groups": "1",
      "Number_of_subgroups": "1",
      "Problems_hours": "1",
      "Shift": "BOTH",
      "Subject": "BDS",
      "Theory_hours": "2"
    },
    {
      "Laboratory_hours": "0",
      "Level": "8",
      "Num_students": "107",
      "Number_of_groups": "3",
      "Number_of_subgroups": "2",
      "Problems_hours": "1",
      "Shift": "BOTH",
      "Subject": "TBD",
      "Theory_hours": "1"
    },
    {
      "Laboratory_hours": "0",
      "Level": "6",
      "Num_students": "41",
      "Number_of_groups": "3",
      "Number_of_subgroups": "1",
      "Problems_hours": "0",
      "Shift": "BOTH",
      "Subject": "KEJ",
      "Theory_hours": "1"
    },
    {
      "Laboratory_hours": "1",
      "Level": "3",
      "Num_students": "20",
      "Number_of_groups": "2",
      "Number_of_subgroups": "2",
      "Problems_hours": "0",
      "Shift": "BOTH",
      "Subject": "BHH",
      "Theory_hours": "1"
    },
    {
      "Laboratory_hours": "1",
      "Level": "4",
      "Num_students": "15",
      "Number_of_groups": "2",
      "Number_of_subgroups": "2",
      "Problems_hours": "1",
      "Shift": "BOTH",
      "Subject": "PJZ",
      "Theory_hours": "2"
    },
    {
      "Laboratory_hours": "1",
      "Level": "7",
      "Num_students": "81",
      "Number_of_groups": "3",
      "Number_of_subgroups": "2",
      "Problems_hours": "1",
      "Shift": "BOTH",
      "Subject": "XLU",
      "Theory_hours": "2"
    },
    {
      "Laboratory_hours": "0",
      "Level": "6",
      "Num_students": "28",
      "Number_of_groups": "1",
      "Number_of_subgroups": "1",
      "Problems_hours": "0",
      "Shift": "BOTH",
      "Subject": "BNW",
      "Theory_hours": "2"
    },
    {
      "Laboratory_hours": "1",
      "Level": "5",
      "Num_students": "23",
      "Number_of_groups": "3",
      "Number_of_subgroups": "2",
      "Problems_hours": "0",
      "Shift": "BOTH",
      "Subject": "PFT",
      "Theory_hours": "2"
    }
  ]
}