{"Subjects List":[{"Level:":"2","Number_of_groups:":"2","Subject:":"RUA","Number_of_subgroups:":"2","Shift:":"BOTH","Problems_hours:":"0","Laboratory_hours:":"0","Num_students:":"73","Theory_hours":"1"},{"Level:":"6","Number_of_groups:":"1","Subject:":"BZP","Number_of_subgroups:":"1","Shift:":"BOTH","Problems_hours:":"1","Laboratory_hours:":"0","Num_students:":"19","Theory_hours":"2"},{"Level:":"3","Number_of_groups:":"3","Subject:":"DQB","Number_of_subgroups:":"1","Shift:":"BOTH","Problems_hours:":"1","Laboratory_hours:":"1","Num_students:":"51","Theory_hours":"3"},{"Level:":"4","Number_of_groups:":"3","Subject:":"EHT","Number_of_subgroups:":"2","Shift:":"BOTH","Problems_hours:":"1","Laboratory_hours:":"0","Num_students:":"70","Theory_hours":"1"},{"Level:":"6","Number_of_groups:":"3","Subject:":"FRF","Number_of_subgroups:":"1","Shift:":"BOTH","Problems_hours:":"0","Laboratory_hours:":"1","Num_students:":"32","Theory_hours":"3"},{"Level:":"3","Number_of_groups:":"1","Subject:":"ZZZ","Number_of_subgroups:":"1","Shift:":"BOTH","Problems_hours:":"0","Laboratory_hours:":"0","Num_students:":"74","Theory_hours":"3"},{"Level:":"7","Number_of_groups:":"3","Subject:":"BLE","Number_of_subgroups:":"2","Shift:":"BOTH","Problems_hours:":"0","Laboratory_hours:":"1","Num_students:":"82","Theory_hours":"1"},{"Level:":"8","Number_of_groups:":"3","Subject:":"DYM","Number_of_subgroups:":"2","Shift:":"BOTH","Problems_hours:":"0","Laboratory_hours:":"1","Num_students:":"27","Theory_hours":"2"},{"Level:":"4","Number_of_groups:":"1","Subject:":"GDV","Number_of_subgroups:":"2","Shift:":"BOTH","Problems_hours:":"0","Laboratory_hours:":"0","Num_students:":"93","Theory_hours":"3"},{"Level:":"2","Number_of_groups:":"3","Subject:":"XMK","Number_of_subgroups:":"2","Shift:":"BOTH","Problems_hours:":"0","Laboratory_hours:":"1","Num_students:":"91","Theory_hours":"2"},{"Level:":"5","Number_of_groups:":"1","Subject:":"WYY","Number_of_subgroups:":"1","Shift:":"BOTH","Problems_hours:":"0","Laboratory_hours:":"0","Num_students:":"11","Theory_hours":"3"},{"Level:":"6","Number_of_groups:":"3","Subject:":"HLT","Number_of_subgroups:":"2","Shift:":"BOTH","Problems_hours:":"1","Laboratory_hours:":"1","Num_students:":"72","Theory_hours":"2"},{"Level:":"1","Number_of_groups:":"2","Subject:":"NQQ","Number_of_subgroups:":"1","Shift:":"BOTH","Problems_hours:":"0","Laboratory_hours:":"1","Num_students:":"68","Theory_hours":"2"},{"Level:":"8","Number_of_groups:":"1","Subject:":"UQP","Number_of_subgroups:":"1","Shift:":"BOTH","Problems_hours:":"1","Laboratory_hours:":"1","Num_students:":"36","Theory_hours":"2"},{"Level:":"1","Number_of_groups:":"2","Subject:":"YAR","Number_of_subgroups:":"1","Shift:":"BOTH","Problems_hours:":"0","Laboratory_hours:":"0","Num_students:":"50","Theory_hours":"1"},{"Level:":"4","Number_of_groups:":"3","Subject:":"ZCK","Number_of_subgroups:":"2","Shift:":"BOTH","Problems_hours:":"0","Laboratory_hours:":"0","Num_students:":"25","Theory_hours":"1"},{"Level:":"5","Number_of_groups:":"1","Subject:":"GIB","Number_of_subgroups:":"1","Shift:":"BOTH","Problems_hours:":"0","Laboratory_hours:":"1","Num_students:":"19","Theory_hours":"1"},{"Level:":"6","Number_of_groups:":"1","Subject:":"ZIA","Number_of_subgroups:":"1","Shift:":"BOTH","Problems_hours:":"1","Laboratory_hours:":"0","Num_students:":"69","Theory_hours":"3"},{"Level:":"8","Number_of_groups:":"2","Subject:":"JDM","Number_of_subgroups:":"2","Shift:":"BOTH","Problems_hours:":"1","Laboratory_hours:":"1","Num_students:":"52","Theory_hours":"3"},{"Level:":"8","Number_of_groups:":"2","Subject:":"YVM","Number_of_subgroups:":"1","Shift:":"BOTH","Problems_hours:":"1","Laboratory_hours:":"1","Num_students:":"54","Theory_hours":"3"}]}